runs,lc_p99_us_mean,lc_over_200us_mean,lc_over_1ms_mean,be_throughput_kps_mean,mode
5,13641552.510595998,397.8,397.6,3.5842187920076705,native
5,13654221.941796,399.2,399.2,3.581256277948466,timeslice_only
5,13591060.709381998,399.0,395.8,3.5826569346696724,kfunc_only
5,13532029.884266,399.8,399.0,3.5990729492818714,timeslice_kfunc
