runs,lc_p99_us_mean,lc_over_200us_mean,lc_over_1ms_mean,be_throughput_kps_mean,mode
5,38.200001999999984,1.6,1.6,1.909416914791152,native
5,42.219635999999966,2.0,2.0,1.907704779669136,timeslice_only
5,2302.3514119999995,2.4,2.4,1.8096490745146419,kfunc_only
5,2302.1313840000003,2.6,2.6,1.8139236762215667,timeslice_kfunc
